fp,xmin,xmax,ymin,ymax
train/labels\0073797c-a755-4972-b76b-8ef2b31d44ab___new_IMG_20160315_071740-jpg_jpeg.rf.281091bbcd7fd8af7c902bdfed5dcf10.txt,0.47734375,0.6984375,0.39765625,0.14921875
train/labels\00b42b2c-f193-4863-b92c-0245cbc816da___3e7fd381-0ae5-4421-8a70-279ee0ec1c61_Nissan-Terrano-Petrol-Review-Images-Black-Front-Angle_jpg.rf.f7f09912979f92bf88f50c1405616e5f.txt,0.18515625,0.7140625,0.084375,0.0890625
train/labels\018b52e6-e9a1-42c2-8ce7-0617e8c8e021___3e7fd381-0ae5-4421-8a70-279ee0ec1c61_sbtb02_auto1_JPG.rf.c94cc56a9334e1b696bb242a15a912f7.txt,0.5484375,0.7625,0.109375,0.0890625
train/labels\03273806-bb1e-48da-8c8b-a0133a90197a___2014-Skoda-Yeti-Test-Drive-jpg_jpeg.rf.fc1abd8f04d46fb6f8dfbd457a51470a.txt,0.4734375,0.65859375,0.32109375,0.103125
train/labels\07064c2c-2aa3-4419-91a4-92916de8e54c___mahindra-scorpio-old-car-500x500-jpg_jpeg.rf.fe99052caac0ae37f674cc77f08ec360.txt,0.53828125,0.77265625,0.26015625,0.1515625
train/labels\07bd977e-d578-49a2-b345-7cee5a4db6bf___new_1031520d1356604430-skoda-rapid-joins-family-edit-sold-wp_000281-jpg_jpeg.rf.6b227e0920d86ccebb7233cdd4bff566.txt,0.52109375,0.63671875,0.4140625,0.13984375
train/labels\07f6d77a-652e-4885-8520-6d405d2f712f___3e7fd381-0ae5-4421-8a70-279ee0ec1c61_840539077_1_1080x720_nissan-terrano-xl-d-thp-110-ps-2016-diesel-_jpg.rf.e1c89068893ec334899203743209d5dd.txt,0.52734375,0.63359375,0.228125,0.08359375
train/labels\0850c175-0b8d-47f2-801c-e29f1dbdb367___3e7fd381-0ae5-4421-8a70-279ee0ec1c61_571_jpg.rf.029a5f4d8564c79a7398bfa5d39d94f1.txt,0.603125,0.54375,0.2765625,0.178125
train/labels\092c497e-623d-499d-822a-4b01c657389b___3e7fd381-0ae5-4421-8a70-279ee0ec1c61_nissan-terrano-rear-left-rim_jpg.rf.9815488508b9bb1564f61eb7e0e1e15c.txt,0.4015625,0.66328125,0.17421875,0.0734375
train/labels\0b24d6ed-d32f-420d-bc18-03deece29073___2015-Maruti-Ciaz-Test-Drive-Review-jpg_jpeg.rf.c01332a1dd185a3fc37573d71793561b.txt,0.71640625,0.75859375,0.17265625,0.1125
train/labels\0b77e2a4-34db-486c-8d87-46186f5b7b88___3e7fd381-0ae5-4421-8a70-279ee0ec1c61_nissan-terrano-diesel-review-motorzest-04_jpg.rf.0b06848d2b383786d4a0980fbd99de46.txt,0.57421875,0.60546875,0.0984375,0.05625
train/labels\10c96324-3452-43e2-aa68-c8ae7d3c1b6e___844874771_1_1080x720_maruti-suzuki-wagon-r-vxi-bs-iii-2014-petrol-jpg_jpeg.rf.b48bfda00ade73ba5b90445c34b582bf.txt,0.484375,0.59921875,0.4203125,0.1140625
train/labels\11832b13-d514-4f1d-967c-d00e76d21e9b___Yellow-Number-Plate-With-Black-Lettering-jpg_jpeg.rf.ef7050c444c8fa85f716c882e94b4a28.txt,0.3015625,0.53515625,0.2046875,0.11484375
train/labels\12e26859-89e0-4c9b-9c59-ee793337464f___20-jpg_jpeg.rf.3271290c228890fd9eb1943ef3df389b.txt,0.31328125,0.4546875,0.1875,0.08125
train/labels\13ffaad4-a186-46bd-ae5d-924d1c8d7c50___maruti-suzuki-Baleno-RS-pics-48-jpg_jpeg.rf.671c5bba21cfdc8e0c8d3ffd4f507fb2.txt,0.8609375,0.73828125,0.11015625,0.1234375
train/labels\1438b735-2d21-4879-8ed4-e5fa086e70c8___Maruti-Suzuki-Swift-Dzire-1-jpg_jpeg.rf.9adec128b9a54478c73be254c6a3e5d6.txt,0.5140625,0.696875,0.284375,0.090625
train/labels\15e7c19f-da3c-4f0d-91f3-552afabc8961___41FxrEl7jHL-jpg_jpeg.rf.6b45f0c89ad8910299e2bf9f2bf8d651.txt,0.5109375,0.49765625,0.44609375,0.21796875
train/labels\165eaa92-8e90-44e6-b132-8af462bae0c9___scorpio-rear-JPG_jpeg.rf.a8eff326cd43557060cab1c7fae6dd12.txt,0.1828125,0.475,0.16015625,0.096875
train/labels\175ff546-0679-4cbb-ab03-acfcd96877b7___Maruti_Wagon_R_Rear-jpg_jpeg.rf.facb19d1dcfb4528f24551febe8d7001.txt,0.4734375,0.66796875,0.29140625,0.1046875
train/labels\18f2e55e-0724-4eee-a28e-5d552a5aa045___20455d0e2dca458f13fbf4da5a2dc118-jpg-Copy_jpeg.rf.909b96267a040256c9b7a0a3898bf926.txt,0.6265625,0.384375,0.38359375,0.14609375
train/labels\18f2e55e-0724-4eee-a28e-5d552a5aa045___20455d0e2dca458f13fbf4da5a2dc118-jpg_jpeg.rf.97a0e92dc2a0dbd91fe0a0461518bc24.txt,0.5171875,0.3828125,0.44296875,0.171875
train/labels\1a0da3dc-6667-4092-bc2a-a541a06f1e90___3e7fd381-0ae5-4421-8a70-279ee0ec1c61_Nissan-Terrano9_jpg.rf.f5c3e9ee506dab65ca572036487b467e.txt,0.51171875,0.7125,0.31015625,0.078125
train/labels\1e7151e6-8626-4fb2-b7e8-0fb6a8fde713___3e7fd381-0ae5-4421-8a70-279ee0ec1c61_a19be5870f8f2593c994c465a691477e_555X416_1_jpg.rf.406679b011166cada931bbea6790a7e3.txt,0.4984375,0.578125,0.16015625,0.0796875
train/labels\206c95ff-83b8-4273-b105-6637bf9a3038___numerix-number-plates-thodupuzha-idukki-number-plate-dealers-1lhwiga-jpg_jpeg.rf.0f5f2a1baa7c677ca529cb77be0916d7.txt,0.584375,0.5140625,0.5453125,0.3140625
train/labels\2153dfcb-5968-4bfc-86ba-7ee8ec2d25b1___163231d1425035435-skoda-rapid-tdi-remapped-code-6-tuning-ind-front-jpg_jpeg.rf.f418259d18ce8cae4a23fabd38727620.txt,0.203125,0.68046875,0.2421875,0.08515625
train/labels\22dc6b5f-ff5d-4bb4-beb2-0f5fd9e75787___i10_Latest_Acrylic_Number_Plate-jpg_jpeg.rf.7f8f0262155d22e49673ab87ead7b30d.txt,0.48828125,0.6546875,0.39921875,0.16015625
train/labels\2302b12c-3d74-4d6c-b376-ba8ab308a8c3___big_215451_1320738450-jpg_jpeg.rf.ced232fa768ef8e25b256cf648a7f300.txt,0.47578125,0.72734375,0.2203125,0.12734375
train/labels\23d775eb-842f-4f57-ad7a-affafa21660a___215453-new-2016-maruti-ertiga-granite-grey-zdi-shvs-highway-champion-img_8168-jpg_jpeg.rf.95dc4e31897f4b75198e3987de54eec1.txt,0.359375,0.5765625,0.3640625,0.1796875
train/labels\2430703d-0fb3-4eb2-9765-4f9301f232cd___3e7fd381-0ae5-4421-8a70-279ee0ec1c61_Terrano-Duster-Rear-Comparison-Copy_jpg.rf.9fa633c6eeb61d601c4e30b15b38516a.txt,0.55859375,0.5078125,0.23671875,0.09375
train/labels\2430703d-0fb3-4eb2-9765-4f9301f232cd___3e7fd381-0ae5-4421-8a70-279ee0ec1c61_Terrano-Duster-Rear-Comparison_jpg.rf.3ad9e4baee6d9781d2f35ec235ddc359.txt,0.68671875,0.48359375,0.20859375,0.08828125
train/labels\254b647f-4cb3-46c3-a206-4e70041f4c78___speedex-number-plates-nandanam-chennai-car-number-plate-dealers-33nu2i6-jpg_jpeg.rf.8e2305c8ab31eaa14b13714c531870f7.txt,0.4796875,0.36328125,0.2859375,0.0953125
train/labels\266d82c7-1b64-44cd-b77c-c08d98175390___3e7fd381-0ae5-4421-8a70-279ee0ec1c61_5c752daa8d168dec865fe0462bf2c0bb_large_jpg.rf.23d2100a1b9c64f7bafaece6c8988dbe.txt,0.47265625,0.7921875,0.25625,0.0578125
train/labels\26d2b905-4055-41fe-a933-47db0e8a0a7f___37cba8c3f681f0cb5694f16a4c54aa7b-jpg_jpeg.rf.ee4d87042259e06e7379cf038775adef.txt,0.14140625,0.68828125,0.121875,0.1546875
train/labels\27a88c24-0bf2-48b0-98a8-fa396e951045___3e7fd381-0ae5-4421-8a70-279ee0ec1c61_7T4G0491-e1376988169395-1024x577_jpg.rf.9cc07faddd7859bfad8119d3cea44141.txt,0.6265625,0.54609375,0.1015625,0.0828125
train/labels\27bfd7b7-6e0c-454c-b9f3-7a44d36edb9c___3e7fd381-0ae5-4421-8a70-279ee0ec1c61_nissan-terrano-rear-right-side-angle-view_jpg.rf.d08856a58f5d938d8d198cec1985c8e5.txt,0.22734375,0.69140625,0.196875,0.140625
train/labels\2adfb5e7-e70a-4749-b5fa-8c233c0d47d9___new_1572920d1478091901-your-favourite-number-plate-font-jetta-german-font-jpg_jpeg.rf.9aa8940e23ceb89858bd971f2a593411.txt,0.525,0.47421875,0.434375,0.2203125
train/labels\2c9306ab-3454-4ca0-89fd-db3f51dabcef___3e7fd381-0ae5-4421-8a70-279ee0ec1c61_Nissan-Terrano-front-three-quarters-on-plain-ground_jpg.rf.a586e17eb68c228c00db31d08d7fec64.txt,0.190625,0.6609375,0.1625,0.11640625
train/labels\2e23964b-ce59-4bcf-8c35-98f3a096a748___design-ind-number-plates-vijayanagar-bangalore-number-plate-dealers-2etqybj-jpg_jpeg.rf.d83baf67c4ab3f4187a6f8f08303c561.txt,0.4671875,0.39609375,0.934375,0.63203125
train/labels\2fbe224b-e775-4c74-b975-fd66d2397ef6___3e7fd381-0ae5-4421-8a70-279ee0ec1c61_Nissan-Terrano_jpg.rf.e8494235549509b9daa84e880d62722c.txt,0.7234375,0.525,0.0625,0.0421875
train/labels\304b14b8-dc3c-41cb-94b6-635864e2e964___number-plate-protector-car-safeplate-250x250-jpg_jpeg.rf.45519f10ba022f92b138dab5f964f91d.txt,0.50390625,0.521875,0.9359375,0.35625
train/labels\31847e78-6696-4dc2-be08-cb37d512c576___2010_Maruti_WagonR_Review-jpg_jpeg.rf.bab12054c1b6a98c7e9f7911ef3a1671.txt,0.18828125,0.71875,0.2640625,0.146875
train/labels\3515f71d-cdd6-4050-ae68-7b7afd4c0a11___8_jpeg.rf.24b643111285bf86837cd700ecee18be.txt,0.459375,0.5671875,0.56875,0.25234375
train/labels\351a22eb-bf0a-44d6-8b6d-5ffca753c261___bike-number-plate-500x500-jpg_jpeg.rf.9ce62ae980fe9cf5916c93b526d633fc.txt,0.3671875,0.5140625,0.29375,0.2578125
train/labels\369ccb4b-88fe-4e97-91c1-3838da2b7563___3e7fd381-0ae5-4421-8a70-279ee0ec1c61_Honda-Jazz-Number-Plates-Designs_jpg.rf.cd198e3bb2b03e497ef77477bf70e3bd.txt,0.5078125,0.4140625,0.41484375,0.2734375
train/labels\377b225b-e978-4e7c-8e5e-f10d8effc336___Maruti-Suzuki-Ignis-Rear-view-94486-jpg_jpeg.rf.b335bb0bf862cf5636964f139e4b1f93.txt,0.3890625,0.74921875,0.26796875,0.13984375
train/labels\38cee3dd-dead-4ba0-b350-0f82d94836da___3e7fd381-0ae5-4421-8a70-279ee0ec1c61_big_467860_1505633598_jpg.rf.2d22b4b101a837485a0376ad0dd2ba1e.txt,0.56015625,0.73203125,0.1546875,0.05234375
train/labels\3bc3f147-2d6b-484a-8481-4a49fd8afe23___3e7fd381-0ae5-4421-8a70-279ee0ec1c61_844581764_1_1080x720_nissan-terrano-xv-d-thp-110-ps-2013-diesel-faridabad_jpg.rf.e331e608726d8a4b5dff9f4de822db10.txt,0.53984375,0.73984375,0.371875,0.05703125
train/labels\3c0a3772-d18d-4ff7-861c-7e50b7974edb___1393874-take-look-number-plate-imageuploadedbyteambhp1437414250-447892-jpg_jpeg.rf.b52d62f544754b2cc661e203cd41e72e.txt,0.52265625,0.5890625,0.3890625,0.14375
train/labels\3d7cd880-ea4b-4d63-9706-bea1df54af20___135712d1400874352-skoda-rapid-1-6tdi-cr-mt-elegance-ultima-candy-white-white-monster-1911216_676392609084007_1524722860_o-jpg_jpeg.rf.8639854712e7b07515353745cabaac26.txt,0.51015625,0.675,0.25078125,0.1125
train/labels\3f677265-d5fa-439f-be23-feaacce22c49___3e7fd381-0ae5-4421-8a70-279ee0ec1c61_848126147_2_1080x720_nissan-terrano-xl-d-plus-2014-diesel-upload-photos_jpg.rf.40cd64613d798b2391a0b9ca84886cdb.txt,0.48984375,0.3484375,0.3171875,0.046875
train/labels\3fd93f90-f778-4f14-8b0f-67dd0be88a06___561644d1308248087-beware-fake-registration-numbers-imported-cars-proof-pg-3-257491_10150223034216705_685851704_7325894_6829197_o-jpg_jpeg.rf.8d594e11d6bd74b1e17ad86df2396eca.txt,0.3140625,0.51328125,0.25078125,0.13046875
train/labels\3febea0e-53c0-4b30-880c-3061458b93ce___Maruti-Vitara-Brezza-rear-end-full-review-jpg_jpeg.rf.a270a4aac555da42a32dd84c02398236.txt,0.65234375,0.58125,0.31875,0.2984375
train/labels\41de2ad0-3785-488e-9f1f-75b76f446cc7___Maruti-Alto-K10-Photos-2-jpg_jpeg.rf.eda0ccc31133fde578a71aa0862b8027.txt,0.4796875,0.7875,0.38671875,0.1171875
train/labels\422aaf6f-dd4a-450f-ac6b-65966ab512d0___1431956d1446017445-number-plates-merchandise-canvas-ink-gurgaon-edit-closed-thumb_img_4418_1024-jpg_jpeg.rf.8ad3f718ed837eb6e0dbecb0b8354b13.txt,0.55546875,0.44609375,0.33984375,0.06953125
train/labels\4434b404-dd10-4150-b226-b76b6ef95e43___new_224489195_8_1000x700_skoda-superb-2010-jpg_jpeg.rf.860cee580426ce085fe09733f787f8e0.txt,0.559375,0.73515625,0.41796875,0.20625
train/labels\44ee098a-c33c-47a2-9dcb-717c02d5a240___3e7fd381-0ae5-4421-8a70-279ee0ec1c61_2013-Nissan-Terrano-Front_jpg.rf.747cd7f2d316a2bbc80b771140685a03.txt,0.3734375,0.7671875,0.22734375,0.0890625
train/labels\49bdf0d9-4e64-41eb-9c19-eabdc4afb051___Maruti-Suzuki-Ciaz-Photos-30-JPG_jpeg.rf.da81c302b65efd706f92ccbab6ab05f4.txt,0.459375,0.46015625,0.26171875,0.125
train/labels\4b669e6d-4eec-4f46-b502-f64ee0175947___new_1_jpg.rf.7034199f779b3935b8ea56038e775873.txt,0.5734375,0.37421875,0.596875,0.3796875
train/labels\4be1ff39-b2ad-45e0-9c9a-0e7215cbb5b6___2-jpg_jpeg.rf.edb3002b6786ff2917c13a7370baf945.txt,0.4984375,0.53125,0.996875,0.35078125
train/labels\4eb236a3-6547-4103-b46f-3756d21128a9___06-Sanjay-Dutt-jpg_jpeg.rf.07150a289e35cd855ca3a3f006883f7a.txt,0.34296875,0.92890625,0.34609375,0.13828125
train/labels\4f86fbad-3a04-4c11-a8fa-e897727fc2c7___Number-plate-1-jpg_jpeg.rf.9e12b3b6c96561cc1326a51bb77d77a6.txt,0.67734375,0.621875,0.3921875,0.15234375
train/labels\5231116f-7a07-4ce2-b437-d34b497e7969___3e7fd381-0ae5-4421-8a70-279ee0ec1c61_844329566_3_1080x720_nissan-terrano-xe-d-2014-diesel-_jpg.rf.11bc7b93b53fc7ffc47b2da5b70b9cd6.txt,0.49609375,0.503125,0.30390625,0.05859375
train/labels\52abe2c4-fde3-45b2-beec-f070e6ed98c7___Volkswagen-Vento-Rear-view-46765-jpg_jpeg.rf.5cfb7f1633d24480b3eb76bfe90e908d.txt,0.49140625,0.59921875,0.1890625,0.08203125
train/labels\52b45060-9645-47c7-882d-b69a5bf07eff___1006372d1351343820-my-new-maruti-swift-zxi-21102012241-jpg_jpeg.rf.3ae395b28a6a348ed3553ec2f946c617.txt,0.56171875,0.71015625,0.25234375,0.08125
train/labels\5345a45f-8d1b-4984-b5ee-a69fc4cbda6a___new__bd7f7862-d727-11e7-ad30-e18a56154311-jpg_jpeg.rf.71b74d5c7f28a6e6e3408842bb394522.txt,0.79375,0.63671875,0.14375,0.07578125
train/labels\55aa4ee8-13fd-45bd-b83b-651ac665d71a___200560387_4_1000x700_2012-toyota-innova-diesel-130000-kms-cars-jpg_jpeg.rf.48b245f3c618287ea492516d839c5c1f.txt,0.46171875,0.565625,0.32421875,0.0875
train/labels\56b46df3-223c-42c8-a6bf-e95e5bac29cc___9214a754343030395508e104d7948167_large-jpg_jpeg.rf.ccc6d6e912532a834b19e0e69f06e085.txt,0.44921875,0.8203125,0.415625,0.090625
train/labels\5747d3e8-4dd0-435f-942d-34b84f03344c___Maruti-Suzuki-Swift-Number-Plates-Design-jpg_jpeg.rf.d02e85d2d4383904c3bf1a51ac11999a.txt,0.47734375,0.6421875,0.38984375,0.12109375
train/labels\59a29a85-30f5-469e-a6c2-e1af171f151c___3e7fd381-0ae5-4421-8a70-279ee0ec1c61_10187746494_417a40a489-Copy_jpg.rf.546c0c01b406f93f04dd69d9369367e0.txt,0.5296875,0.56796875,0.25,0.0515625
train/labels\59a40238-6b01-4bb9-9faf-3b595e67bcb3___3d-font-number-plate-500x500-jpg_jpeg.rf.48e4fda91a2fc404f4bdb5a34b2632cc.txt,0.5171875,0.84765625,0.2578125,0.08515625
train/labels\59e121dc-ebc6-4e4c-ba88-7fe04b569218___Autopsyches-Skoda-Laura-6-jpg_jpeg.rf.2e394a3500452eb46dbcf8413f5f01be.txt,0.49609375,0.48125,0.21328125,0.08125
train/labels\5a4780bf-d2af-4f19-a36b-65004cd06b3d___maruti-suzuki-wagon-r-rear-left-rim-jpg_jpeg.rf.8f04ad351d6c82e6adbd1c1b0c2bdbf1.txt,0.3828125,0.5609375,0.18828125,0.0796875
train/labels\5ac9f7b9-f7cc-4161-bbd1-7f377bb890bf___3e7fd381-0ae5-4421-8a70-279ee0ec1c61_Nissan-Terrano-John-Abraham_jpg.rf.9b1d7c9f809a959699f72b18cc3d9a2b.txt,0.55,0.82109375,0.2515625,0.0859375
train/labels\5b49ae32-c799-45e3-b139-9c56acf6370d___2014-Volkswagen-Polo-Review-jpg_jpeg.rf.944a60d55c2f313307dfc37686f6f233.txt,0.4796875,0.65546875,0.17890625,0.06484375
train/labels\5c85a40f-ce81-44b4-82b2-dfdac281217d___new_Skoda-Octavia-1-8-TSI-5-jpg_jpeg.rf.0839b14612613101046b2e5443fb781c.txt,0.47734375,0.6734375,0.2421875,0.0875
train/labels\60842fa7-0a2e-4407-b41c-933d93bdbb35___3e7fd381-0ae5-4421-8a70-279ee0ec1c61_nissan-terrano-red-rear_jpg.rf.0ade063e15bf9e6da0010fde9661505a.txt,0.28828125,0.51953125,0.1375,0.065625
train/labels\6254bb73-d8a1-4f04-89a9-92caef98e233___1658240d1500548920-close-look-2017-skoda-octavia-facelift-hands-free-parking-front-bumper-jpg_jpeg.rf.7faae9ef9ac2394b625f15c0bffadb96.txt,0.496875,0.45703125,0.3453125,0.1265625
train/labels\62b58053-425c-4924-b129-c4a6580f3562___product-500x5001_jpeg.rf.1b2410f3d2b8001e32bf22e3897c18b9.txt,0.66328125,0.50390625,0.40625,0.31640625
train/labels\6578ae52-8431-4854-ba24-756888891756___1496414894_2017-maruti-suzuki-ciaz-jpg_jpeg.rf.5575879768f3ab387803d3ce64333c88.txt,0.57578125,0.43203125,0.21015625,0.11328125
train/labels\6767eddd-bf2f-4270-aa1f-6146738895ab___3e7fd381-0ae5-4421-8a70-279ee0ec1c61_Nissan-Terrano-20300_jpg.rf.1cdb3c0650272df2a15fe7b1301040e4.txt,0.64609375,0.68125,0.11796875,0.09765625
train/labels\684f079f-6085-420c-8e4e-e1aed270fc05___Toyota-Fortuner-Number-Plates-Design-jpg_jpeg.rf.5c0abcf62cf700e6973f24a07852a4a1.txt,0.5234375,0.6015625,0.18203125,0.096875
train/labels\69b56ab9-accd-4c67-aa7a-a884c018e5ab___speedex-number-plates-nandanam-chennai-car-number-plate-dealers-3zh7n2s-jpg_jpeg.rf.2088fbc0cc389e65deaeadaae935cd8d.txt,0.48984375,0.765625,0.271875,0.0515625
train/labels\6bf2730d-82bf-43ac-8802-b61315d85b96___2017-Skoda-Octavia-rear-high-revealed-for-India-images-jpg_jpeg.rf.dbbdf6e7432ee495290a5b20fb546a1a.txt,0.45859375,0.68046875,0.3828125,0.109375
train/labels\6cd15e75-3e26-41f2-a6aa-b1b58dec1c48___volkswagen-polo-exquisite-limited-edition-m1_720x540-jpg_jpeg.rf.9ab49a2551b37e7e3a94fab4f0b03e57.txt,0.08046875,0.73125,0.10859375,0.1734375
train/labels\6d69b523-72b7-4be9-a79f-428ef8148dcd___81auoS-H8eL-_SX425_-jpg_jpeg.rf.2af348b9b9ff1abcf67ce5c6c7732bba.txt,0.52578125,0.48828125,0.6796875,0.934375
train/labels\6e52e238-927b-46e0-a8f1-5f77ef1ecf9f___3e7fd381-0ae5-4421-8a70-279ee0ec1c61_nissan-terrano-rear_jpg.rf.85eeac43b977dced86e81e8fd50acb49.txt,0.334375,0.5671875,0.18046875,0.0703125
train/labels\6e772b68-a549-44e5-950e-4c376454c4e9___1557295d1474517501-toyota-innova-crysta-official-review-20160921_173216-jpg_jpeg.rf.b78d078bc59e72895c3b74e1d14eda9f.txt,0.5296875,0.5390625,0.403125,0.1234375
train/labels\6ec9d264-9eab-4027-bdcc-6f71c842ee75___3e7fd381-0ae5-4421-8a70-279ee0ec1c61_846635891_1_1080x720_nissan-terrano-xl-d-thp-110-ps-2013-diesel-dehra-dun_jpg.rf.f9557955f731e8a3609f11d8ef6f792f.txt,0.459375,0.65703125,0.39609375,0.071875
train/labels\6ed8b283-5cf5-4727-9969-c79f70f47e80___2-cars-same-numbers-jpg_jpeg.rf.c31022866b4254ea2f0b6013fdb109c4.txt,0.37890625,0.58046875,0.2921875,0.109375
train/labels\6f78077e-a3a1-4fb9-89ba-5870d75ccdb8___Innova_Crysta_Car_Euro_number_Plates-jpg_jpeg.rf.5ef136a1c000aa009dfdc5743d39c0d0.txt,0.4453125,0.38046875,0.2296875,0.1078125
train/labels\7070d6ac-5425-4d33-a78e-a48c62d0fac5___Honda-Jazz-Number-Plate-Designs-jpg_jpeg.rf.bbddc4ea2b7e6360aa2ae6c4b304bbc5.txt,0.51640625,0.47421875,0.78359375,0.3578125
train/labels\712ecd95-753f-4d67-ae42-e8b5254e6e94___28iam53-jpg_jpeg.rf.7559a5ec84719ef961e5b14be6296f16.txt,0.33046875,0.47109375,0.45078125,0.165625
train/labels\730a2f83-cd53-4943-8922-af9d4fcad415___new_2_jpg.rf.a3b647a1679f9db87e8df61d6bde2bba.txt,0.50234375,0.534375,0.4421875,0.51015625
train/labels\760ba77a-8992-4574-8cba-6c081d9e3e19___3e7fd381-0ae5-4421-8a70-279ee0ec1c61_04f4c639c871fba0b4cc6475604e40b7_large_jpg.rf.17bda8759caf16327307422a51c42465.txt,0.496875,0.709375,0.340625,0.06015625
train/labels\7616cb19-df24-4d29-b679-5252391a547f___Skoda-Laura-rear-jpg_jpeg.rf.f945c121a478bc48ab356f02e20cbff2.txt,0.4953125,0.51953125,0.20390625,0.0671875
train/labels\77d1f81a-bee6-487c-aff2-0efa31a9925c____bd7f7862-d727-11e7-ad30-e18a56154311-jpg_jpeg.rf.2a668ce47db74231901ce297956fa3be.txt,0.79375,0.6359375,0.1453125,0.075
train/labels\79094948-25d3-418e-86fc-3c2d62917f62___513039-volkswagen-vento-test-drive-review-06032011612-jpg_jpeg.rf.c85db45ae4a9d7b3c25dc8ee91ead2ec.txt,0.63515625,0.5765625,0.4625,0.19375
train/labels\7c8229d7-7e37-41a6-9262-d5da278c8d8e___139379d1243147524-ok-have-dealers-name-number-plate-1-jpg_jpeg.rf.85d0cd98a62a02543afc30b784de6f9c.txt,0.53671875,0.5125,0.51171875,0.2765625
train/labels\7f369852-27b9-4141-8c48-9e88b20743a6___new_Mahindra-Scorpio-Taillamps-Night-JPG_jpeg.rf.a44a2caa5e46c383cf463f76038459c4.txt,0.52578125,0.61328125,0.4640625,0.1421875
train/labels\7f768bfc-4c86-4fff-932d-c9871a82dce5___1431955d1446017445-number-plates-merchandise-canvas-ink-gurgaon-edit-closed-thumb_img_4422_1024-jpg_jpeg.rf.8410d180210ea8eed5bb2fc830ecf824.txt,0.47109375,0.5296875,0.28359375,0.053125
train/labels\84969111-2ec3-4914-b3bb-da5aaac701e7___1-jpg_jpeg.rf.e735b2d50d17a388ed21d58227be53cf.txt,0.15078125,0.759375,0.11796875,0.0671875
train/labels\85bd88a0-ac9a-412e-ba44-2a29d209e212___4336_1466054535_9-jpg_jpeg.rf.b7faae328e4d277dcbbb5f1efc8a3599.txt,0.34453125,0.47734375,0.184375,0.08984375
train/labels\868b996f-1f40-47ca-8222-b0f2750d7010___3e7fd381-0ae5-4421-8a70-279ee0ec1c61_nissan-terrano-left-side-view_jpg.rf.0d67f691028e14b5de7571618bf46b62.txt,0.30546875,0.525,0.1375,0.06875
train/labels\89d26be7-258a-4470-b0fe-d1df57b20d55___new_Skoda-Octavia-5-jpg_jpeg.rf.ce61ab2c297ed9cc72b349140b514c14.txt,0.36875,0.66015625,0.109375,0.06328125
train/labels\8b9e7112-9149-48fb-b8e8-c3e89cce5af0___1074650_10201043987997310_227646612_o-jpg_jpeg.rf.e07fd12bde039a3663a28fe51ec96ec9.txt,0.59921875,0.61328125,0.36328125,0.1234375
train/labels\8c4371ee-a997-4b21-82c4-cb5e767c4d06___kia-sorento-spied-in-India-jpg_jpeg.rf.440cc80427325a73e33cf2a3a895ac31.txt,0.4453125,0.4640625,0.19375,0.0625
train/labels\8da5183c-275f-4294-a5a8-276e10ac5ad0___3e7fd381-0ae5-4421-8a70-279ee0ec1c61_nissan-terrano-amt_827x510_81478504265_jpg.rf.a46be72f9ec3c4f7432d703591f0efa5.txt,0.54453125,0.72265625,0.240625,0.30390625
train/labels\8dbb3ea7-8512-49e4-9ede-d4647e3b7dd2___158712081_5_1000x700_toyota-innova-v-2010-7seat-life-tax-kerala_rev001-jpg_jpeg.rf.c143a888bffcb8b03e5522c4482f012f.txt,0.509375,0.5625,0.0953125,0.1
train/labels\8e0b8c6f-850f-4918-983a-7fa110368d32___banner_4_png.rf.83b42fccf3884a1b516e0e6f2b0bb309.txt,0.50234375,0.64609375,0.278125,0.14296875
train/labels\931dfd5a-3d1f-4a08-9234-0453545e27ea___1297127d1412798792-maruti-ciaz-official-review-imag0627-jpg_jpeg.rf.40940cf91ddf18959d1998949573b4b5.txt,0.50703125,0.553125,0.39765625,0.23046875
train/labels\936623d4-b47c-4da7-ab2e-6ac3cc63f861___new_216279d1481352986-silver-venom-mahindra-scorpio-s4-2016-ownership-review-wp_20161122_11_19_00_pro-jpg_jpeg.rf.39a71212b94970e5445c80961f36b5a8.txt,0.55234375,0.5453125,0.3921875,0.24453125
train/labels\93b6319a-5886-48d8-8a69-07d586751553___2014-VW-Polo-facelift-first-drive-rear-number-plate-jpg_jpeg.rf.43960dcc203526df8f323f247ff152c0.txt,0.54921875,0.4984375,0.5328125,0.3125
train/labels\93b6ca4e-17cc-4b12-b7f5-66fb37c6107c___number-plate-factory-fitted1-jpg_jpeg.rf.f82e3c23c298c68d9886dd4e1c75d845.txt,0.5015625,0.5,0.32734375,0.1484375
train/labels\967ba4a0-eb8e-4734-aa09-c7143d0404b6___39720161008_150234-jpg_jpeg.rf.cf6d4f799ba9fa5e02c4a356bfd71f30.txt,0.49765625,0.57734375,0.3265625,0.10625
train/labels\9cad4b47-6c7b-4e30-ab55-b7fa040beb56___135717d1400912281-skoda-rapid-1-6tdi-cr-mt-elegance-ultima-candy-white-white-monster-_mg_2993comp-jpg_jpeg.rf.ff963877b526505f19151aae22d90b76.txt,0.25546875,0.66796875,0.2328125,0.07890625
train/labels\9ea92991-8fdf-4b46-aea1-bf08ecff247c___new_1107433d1373284570-my-modded-skoda-rapid-now-166-bhp-351-nm-119-whp-per-tonne-hdr_00005_normal-jpg_jpeg.rf.2831bff1f321f83d51f009ce7658003a.txt,0.3078125,0.70859375,0.36015625,0.1265625
train/labels\9f7c7dce-f9c9-4c95-a053-8f16e6e99466___new_new-maruti-alto-k10-2_625x300_41414071192-jpg_jpeg.rf.6275e3f0797a77557c4fc4a1d55451bc.txt,0.5375,0.7328125,0.40546875,0.15625
train/labels\a1928183-9ebe-40f0-9a84-500aecc61474___2014-Skoda-Superb-facelift-spied-in-India-jpg_jpeg.rf.07d90f88de24658996581c1f8d3880a0.txt,0.7859375,0.50234375,0.16484375,0.11875
train/labels\a285cdf6-4640-41ee-b3f3-b721f334466f___Skoda-Octavia-RS-launched-in-India-3-jpg_jpeg.rf.6b560065ba834ab8488a6dcabf7509d1.txt,0.521875,0.790625,0.34375,0.1046875
train/labels\a2d49f53-4121-4627-b5d9-069f8b2f8490___840256171_1_1080x720_maruti-suzuki-wagon-r-vxi-with-abs-minor-2014-petrol-erode-jpg_jpeg.rf.e1901a3b09f3bd88dd0fd2ec4e50e9bf.txt,0.46875,0.61015625,0.35546875,0.08359375
train/labels\a2f87691-b9f5-4274-ac5a-8764e9ba282c___1571669d1477648169-your-favourite-number-plate-font-13-jpg_jpeg.rf.11d35b5fbc27acc8dcd00986c8bf22fb.txt,0.54140625,0.55234375,0.76484375,0.6
train/labels\a34aeb21-ffe8-4357-80d3-8f212c62c816___new_main_cropped-jpg_jpeg.rf.2a627cfc7a12a1a346aeebb3abc7def9.txt,0.546875,0.4296875,0.28984375,0.11015625
train/labels\a9268f51-fbb4-42c2-b88c-f5ef9f8ead42___2266_7T4G0510-JPG_jpeg.rf.5b5f2321e85384d458c770d20741e35b.txt,0.4921875,0.66328125,0.38828125,0.125
train/labels\a95a0d9d-5d40-4abb-bd3e-6c6d94bef5b1___IMG_3310-jpg_jpeg.rf.b91583ff1f44cd94e9f85191f46fa728.txt,0.55,0.521875,0.41484375,0.16328125
train/labels\a970d6e0-5948-4412-a1ec-67c5240722a8___images-gallery-misc4-250x250-jpg_jpeg.rf.f59d0bf1031092acab083b5c8fbdb568.txt,0.41796875,0.4671875,0.73203125,0.60859375
train/labels\aea95aa0-a000-4103-945d-c173383bd646___3e7fd381-0ae5-4421-8a70-279ee0ec1c61_Nissan-Terrano-11_jpg.rf.af606349afa1baac85868c9c137361e1.txt,0.7328125,0.4359375,0.26015625,0.225
train/labels\af270103-6ed4-4260-9d01-b8be2e2b9af1___skoda-rapid-1-5-tdi-dsg-review-jpg_jpeg.rf.f96f221f863f073599e276b346bcbe00.txt,0.353125,0.64609375,0.2859375,0.1625
train/labels\af608b5e-07d6-4bcf-84d0-f0cba9e54e12___Skoda-Superb-Rear-Profile-jpg_jpeg.rf.93bfaa1e3c293083f203e1e384130c03.txt,0.4875,0.49765625,0.18515625,0.06484375
train/labels\aff1f53b-3259-44f0-9718-05fb64dc8ba1___Untitled_png.rf.59aaacb34031bed81e2f2edcb0f53998.txt,0.365625,0.48671875,0.27109375,0.07109375
train/labels\b117ba53-d563-49c2-806b-343666616815___new_Maruti-Suzuki-recalls-75419-Baleno-cars-1961-DZire-cars-only-AGS-variant-Motown-India-Bureau-2-810-jpg_jpeg.rf.07204eee07438d63fb26a1c88afb9180.txt,0.525,0.60234375,0.30625,0.13515625
train/labels\b176b317-68a9-4c38-ac39-55e5244c9b9c___60653-jpg_jpeg.rf.c65fe98ef2271b86a7cf16ca81c9e7d4.txt,0.66796875,0.5453125,0.3546875,0.4171875
train/labels\b3e82163-400b-4211-bb99-a5b53fb13a25___new_IMG_8883-jpg_jpeg.rf.28fff881996bccb2b286dade476158e4.txt,0.4828125,0.48203125,0.5984375,0.2359375
train/labels\b5b41a4b-8913-4af6-9419-ac6398d266b0___161893107_2_1000x700_innava-with-fancy-number-upload-photos-jpg_jpeg.rf.9bbd905a000bacabd1cb592e9d14a85c.txt,0.31640625,0.5546875,0.21953125,0.09453125
train/labels\b78259be-7ef5-4499-b9a2-2b8a37660e8b___Maruti-Suzuki-Celerio-Front-Number-Plates-Design-jpg_jpeg.rf.2dfa020e4c7724386e47c6799ee85679.txt,0.528125,0.45625,0.38125,0.115625
train/labels\b78553c7-977e-49a2-b3d2-42825d83c8b0___1557297d1474517501-toyota-innova-crysta-official-review-20160920_191445-jpg_jpeg.rf.4273bc177ce1984ec36c89b20c1b4dc7.txt,0.27421875,0.59296875,0.328125,0.19296875
train/labels\b79f870d-15c7-48e3-8874-7c0e53e29f75___3e7fd381-0ae5-4421-8a70-279ee0ec1c61_754eab882b8290b29a0454dd45580a39_555X416_1-Copy-3-_jpg.rf.406e5b641c25a1c46f2e3665460e175a.txt,0.75546875,0.56015625,0.14765625,0.08203125
train/labels\b79f870d-15c7-48e3-8874-7c0e53e29f75___3e7fd381-0ae5-4421-8a70-279ee0ec1c61_754eab882b8290b29a0454dd45580a39_555X416_1-Copy_jpg.rf.5efb2c934a36ab91b54023e3911f62e0.txt,0.25390625,0.696875,0.2,0.10546875
train/labels\b7fd8aaa-8621-449f-b99c-f45778f1a25c___3e7fd381-0ae5-4421-8a70-279ee0ec1c61_1208485d1392541449-nissan-terrano-official-review-img_20140215_181507_jpg.rf.3eae7e20bad3a8209f01628030915c12.txt,0.19375,0.50078125,0.1046875,0.05546875
train/labels\b9467810-4022-4cf5-87e7-fed0d63c8e2f___new_1658240d1500548920-close-look-2017-skoda-octavia-facelift-hands-free-parking-front-bumper-jpg_jpeg.rf.79eb6d903bab771a85b8c0c1a7ee5968.txt,0.4953125,0.45625,0.3421875,0.13515625
train/labels\ba457a81-cf10-4879-8e8f-3a0a8d10689a___3e7fd381-0ae5-4421-8a70-279ee0ec1c61_hqdefault_jpg.rf.67abe1c44bcefba627c2950299cf6cde.txt,0.47890625,0.5875,0.20859375,0.05859375
train/labels\bb210ab4-795c-4b2b-9b6e-4597cbc67375___White-2BPlate_jpeg.rf.5102662685e3c6248cf1aebad8dd24a8.txt,0.49296875,0.70234375,0.24921875,0.071875
train/labels\bb767d81-73b4-4c47-b619-7efde490b199___3e7fd381-0ae5-4421-8a70-279ee0ec1c61_oem-name0-Copy_jpg.rf.3cd5eeb2206512ae974de7702e3386f2.txt,0.46796875,0.76015625,0.2546875,0.03984375
train/labels\bbf22d00-3dd6-4338-b701-264e0c0c0aff___Maruti-Swift-DZire-Photos-1-jpg_jpeg.rf.ed27131420919a77ee704a5d1dc8671a.txt,0.48828125,0.52578125,0.33359375,0.09609375
train/labels\bcdc8b42-5dd4-48e2-8104-706440524bfe___hqdefault0-jpg_jpeg.rf.f84b7ae4f9f25e1e5ae83d57e02dc85b.txt,0.48359375,0.3375,0.96640625,0.33046875
train/labels\bd742e42-bacc-430e-b9aa-9df666f5d9b3___kicker-647_010517112446-jpg_jpeg.rf.6db7c3a2a14a35d768ea0a389823787f.txt,0.3828125,0.5609375,0.14375,0.0671875
train/labels\bdad5f66-70ad-4241-9a62-bba1123c3486___3e7fd381-0ae5-4421-8a70-279ee0ec1c61_1447945d1449508546t-my-nissan-terrano-85-ps-_img_000000_000000_jpg.rf.83cb335358131123694055108a4ecb6d.txt,0.53515625,0.61953125,0.06875,0.05625
train/labels\be483d11-33f0-4c1f-87b6-9844eea28996___1093346d1370435964-take-look-number-plate-photo-jpg_jpeg.rf.e5904c92ba243c9650083585b1c15c6d.txt,0.5953125,0.52109375,0.2203125,0.078125
train/labels\bff789cd-2d58-4399-a55e-33be55f313e3___IMG_0472-jpg_jpeg.rf.7a58d9ff801d7a68a9b7d62d2906d4fd.txt,0.5375,0.67890625,0.3,0.10078125
train/labels\c02b3989-8334-4cf7-b69c-bcd177e209d4___mqdefault-jpg_jpeg.rf.8571bc87f26671dd54e1bb482806d6a9.txt,0.5,0.19453125,0.40625,0.1890625
train/labels\c03a7106-1fb9-471f-bbb0-2e8f4a29759a___38e7b1109eb976088e1df2f14ac4c08c-jpg-Copy_jpeg.rf.8c8c2a00173b81adae11771b43e2c810.txt,0.2984375,0.69765625,0.23125,0.07265625
train/labels\c1d91c5e-128b-41d4-9f9d-ebfbef98b597___High_security_n15816-jpg_jpeg.rf.3ba826907ee260111f11fd1718ca4f39.txt,0.396875,0.53515625,0.73359375,0.3703125
train/labels\c41652d9-19ae-4a7d-8423-230340ac30bc___Skoda_Laura_DSG_Long_Term_Review-125-jpg_jpeg.rf.d9ba2bc95c21b33c7241bcc16aabb53d.txt,0.48125,0.69375,0.196875,0.0703125
train/labels\c48f8704-bc40-462a-a595-445b2f2e63fe___new_77cca4b6f3864b3928824a030ba101d2-jpg_jpeg.rf.1e62c466b550638c230341cee5f7bc97.txt,0.2796875,0.65,0.3203125,0.09375
train/labels\c795950c-766a-4a2e-9636-62d663d6f06b___62bf1edb36141f114521ec4bb4175579-jpg_jpeg.rf.13391c2545f96f2d407bdb2dc8fbd5d3.txt,0.89453125,0.5875,0.0515625,0.08046875
train/labels\c8a79e91-8c48-42d0-9b80-137fd033493c___automakers-number-plates-nitin-gadkari_827x510_61522653557-jpg_jpeg.rf.1217480e1ef38fb05a6d1324505e2286.txt,0.29296875,0.73359375,0.246875,0.14765625
train/labels\car-wbs-CH01AN0001_00000_png.rf.a5cbeb771ec2589616c8fc90889a2bba.txt,0.81171875,0.89453125,0.3265625,0.14140625
train/labels\car-wbs-DL7CN5617_00000_png.rf.f39e3f1738f0866c965814c8886b28d7.txt,0.5046875,0.58125,0.28515625,0.078125
train/labels\car-wbs-DL8CX4850_00000_png.rf.f767840d888c8c6420dcf355ed66f158.txt,0.47734375,0.71484375,0.3546875,0.11640625
train/labels\car-wbs-GJ03JL0126_00000_png.rf.65cf551a01467d46211a806e12529063.txt,0.49765625,0.678125,0.2296875,0.10234375
train/labels\car-wbs-GJ05JH2501_00001_jpg.rf.aa64f5eb0eec83b588ff73976a8da0ea.txt,0.45546875,0.434375,0.2921875,0.04609375
train/labels\car-wbs-HR26AZ5927_00000_png.rf.2f87b0442370a571f5235449810bf49c.txt,0.490625,0.7046875,0.1859375,0.06640625
train/labels\car-wbs-HR26BC5514_00000_png.rf.a3009d0be72e51d734af7c56eaa17b19.txt,0.50234375,0.7,0.18515625,0.06015625
train/labels\car-wbs-HR26BC5514_00001_png.rf.2244a1e9610759fcb1f5e02cc6c7bc7e.txt,0.4921875,0.76328125,0.1953125,0.06015625
train/labels\car-wbs-HR26BR9044_00000_png.rf.9553c7ae97392552f4f5e311a5d17642.txt,0.3140625,0.453125,0.1921875,0.08984375
train/labels\car-wbs-HR26BU0380_00000_png.rf.e48ff3c485ace2d5cbf1a9627678aaa8.txt,0.31875,0.6453125,0.1578125,0.05703125
train/labels\car-wbs-HR26CB1900_00000_png.rf.1b0a4fb66051922da8f041abf08913d8.txt,0.34296875,0.54296875,0.09609375,0.03359375
train/labels\car-wbs-HR26CU6799_00000_png.rf.7cddd50e34119119007ac021447968ed.txt,0.6734375,0.61484375,0.1875,0.0890625
train/labels\car-wbs-KA01CA2555_00000_png.rf.5bb580cd286387a4fbcc28e5c20ff083.txt,0.6453125,0.55390625,0.37421875,0.2125
train/labels\car-wbs-KA03MG2784_00000_png.rf.d3709f53011fa0de667d4754ed887460.txt,0.49296875,0.44921875,0.55703125,0.15078125
train/labels\car-wbs-KL01CA2555_00000_jpeg.rf.3a16918c1af754dff7a5f59d4328105d.txt,0.646875,0.5578125,0.37421875,0.2125
train/labels\car-wbs-KL01CC50_00000_png.rf.865b96b164788651532c245762a751a5.txt,0.66328125,0.5,0.40625,0.31640625
train/labels\car-wbs-KL07CB8599_00000_jpeg.rf.f484edc60cef62e265ee64f11a1f7f32.txt,0.54296875,0.540625,0.23828125,0.1
train/labels\car-wbs-KL10AV6633_00000_jpg.rf.cdfd0b8ae784c6086c528bd4660773f5.txt,0.51015625,0.69296875,0.37421875,0.15
train/labels\car-wbs-KL10AW2814_00000_jpeg.rf.c033c3595bd2038f8e0c301591089dc6.txt,0.51953125,0.52421875,0.39375,0.14453125
train/labels\car-wbs-KL10AW2814_00001_jpeg.rf.017c52762e47cfee945ba8bf6637b0c2.txt,0.52890625,0.63203125,0.628125,0.215625
train/labels\car-wbs-KL20K7561_00000_jpeg.rf.5911e128aef1a744217b827ec24931d0.txt,0.4625,0.465625,0.29453125,0.109375
train/labels\car-wbs-KL43B2344_00000_jpeg.rf.3006c2a719c6a2c827498b20b60a31f6.txt,0.50234375,0.34296875,0.35859375,0.1625
train/labels\car-wbs-KL54A2670_00000_png.rf.dca744fe00bb9a3b3feb8df8955b26ca.txt,0.4625,0.7984375,0.403125,0.209375
train/labels\car-wbs-MH01AE8017_00000_jpeg.rf.33823150d8b62550d76921d32ffc8737.txt,0.3953125,0.38359375,0.7375,0.60078125
train/labels\car-wbs-MH01AR5274_00000_jpeg.rf.f2ca8af4f7f36b023e74d899d81f75d8.txt,0.48359375,0.4234375,0.33984375,0.0984375
train/labels\car-wbs-MH01AV8866_00000_png.rf.af92df456989032e9c333c09995af86f.txt,0.49140625,0.66328125,0.26953125,0.0765625
train/labels\car-wbs-MH02CB4545_00000_jpeg.rf.553cb77d36bc7f87ac72a7e24295dea3.txt,0.3453125,0.88046875,0.34609375,0.23203125
train/labels\car-wbs-MH03BS7778_00000_jpeg.rf.d46cebf66ad7467de93ee8dba66c7c0e.txt,0.55390625,0.4140625,0.5359375,0.2046875
train/labels\car-wbs-MH03BS7778_00001_jpeg.rf.439efdb87afc16d1d26e26e726022b94.txt,0.56796875,0.5421875,0.33828125,0.109375
train/labels\car-wbs-MH03BS7778_00002_jpeg.rf.a48addac84c973c18d695225a1490985.txt,0.471875,0.74140625,0.2828125,0.075
train/labels\car-wbs-MH03CB6467_00000_jpg.rf.9e86f560db7e184b25d6f409200895ca.txt,0.4765625,0.7796875,0.45546875,0.1015625
train/labels\car-wbs-MH06AW8929_00000_jpeg.rf.a807b5ea3ad7707c9e8485bcb4e31405.txt,0.1875,0.6375,0.26640625,0.18046875
train/labels\car-wbs-MH12BG7237_00000_png.rf.72f163abb530f2bd49691f82627a746f.txt,0.425,0.6875,0.503125,0.25703125
train/labels\car-wbs-MH12DE1433_00001_jpeg.rf.4cbf975cc09d48a798d9052661e3af30.txt,0.52734375,0.39609375,0.72578125,0.33515625
train/labels\car-wbs-MH12JC2813_00000_jpeg.rf.92e0979334ce5a8f7a96247f5715bbe2.txt,0.5265625,0.7,0.45703125,0.18671875
train/labels\car-wbs-MH12NE8922_00000_png.rf.7d9197f10c5a6135f738155ec5e9e673.txt,0.44765625,0.528125,0.51015625,0.13828125
train/labels\car-wbs-MH14DT8831_00000_jpeg.rf.194e27cd2af8b03e373c9079634bdfe7.txt,0.48828125,0.48203125,0.82421875,0.55625
train/labels\car-wbs-MH14EH5819_00000_jpeg.rf.39035635d277eb1e824ae2dae0a6b844.txt,0.803125,0.66328125,0.24140625,0.0984375
train/labels\car-wbs-MH14EH7958_00000_jpeg.rf.d675eb3d7966c36dbf6e94b35919fe80.txt,0.47265625,0.6921875,0.2671875,0.0828125
train/labels\car-wbs-MH14EH7958_00001_jpeg.rf.4cd4fe4935cb0b2430ee928fdf89fc99.txt,0.40703125,0.54765625,0.42734375,0.2265625
train/labels\car-wbs-MH14EP4660_00000_jpeg.rf.d6f9ee40ae98a445e493da91db4fad46.txt,0.54765625,0.67109375,0.4015625,0.10703125
train/labels\car-wbs-MH14EU3498_00000_jpeg.rf.248a2b6fdee060aa57ae10b8574eff24.txt,0.4484375,0.55078125,0.56640625,0.240625
train/labels\car-wbs-MH15BD8877_00000_png.rf.c77f04ab1b19a6ae4aa1a548e2ec5b57.txt,0.5921875,0.7921875,0.415625,0.1140625
train/labels\car-wbs-MH20BN3525_00000_jpeg.rf.faae3ab72cf6c9abb086469404240d9f.txt,0.61328125,0.734375,0.5390625,0.134375
train/labels\car-wbs-MH20BY3665_00000_jpeg.rf.b32aa3ecb49b4b0dd8685ff43b1bf7d4.txt,0.50625,0.43203125,0.27578125,0.10625
train/labels\car-wbs-MH20BY3665_00001_jpeg.rf.af8662ccfc9dcb3e496d261b70899968.txt,0.4828125,0.275,0.596875,0.28984375
train/labels\car-wbs-MH20BY4465_00000_jpeg.rf.448a913ae5beb73b9fe0d35ce8db3a35.txt,0.39609375,0.7234375,0.30390625,0.1234375
train/labels\car-wbs-MH20CS1938_00000_jpeg.rf.2cd463063e761f872ff490ecccbceead.txt,0.39140625,0.6859375,0.165625,0.0953125
train/labels\car-wbs-MH20CS1941_00000_jpeg.rf.54feaeb5ff81b144992a1ee06cbc4cb3.txt,0.49375,0.7734375,0.3390625,0.103125
train/labels\car-wbs-MH20CS1941_00001_jpeg.rf.e36122ea94eaa3863c8551a44282353e.txt,0.5171875,0.4015625,0.3421875,0.11953125
train/labels\car-wbs-MH20CS4946_00000_jpeg.rf.0388afc9fcc7660b48ecbe3b10b84e3d.txt,0.54453125,0.5328125,0.26875,0.06640625
train/labels\car-wbs-MH20EE045_00000_jpeg.rf.2bc8f8c6e2c596b257da21e4d19efe0f.txt,0.62421875,0.50546875,0.35625,0.128125
train/labels\car-wbs-MH20EE7597_00000_jpeg.rf.0d688256e986526241e5bf3a708e7ee5.txt,0.503125,0.50234375,0.54921875,0.13203125
train/labels\car-wbs-MH20EE7598_00000_png.rf.b7852883ebc12eb82aad9c975900106d.txt,0.66484375,0.584375,0.5,0.153125
train/labels\car-wbs-MH20EE7598_00001_jpeg.rf.5ec122ea08d3c5d37de4960b4a492245.txt,0.4765625,0.7734375,0.5421875,0.1125
train/labels\car-wbs-MH20EJ0364_00000_png.rf.de9fe5017e46957b792a08cd40d41821.txt,0.4921875,0.69765625,0.584375,0.16328125
train/labels\car-wbs-MH21V9926_00000_jpg.rf.dd017875bafe1239a1fa52ff6fb0c28b.txt,0.48359375,0.859375,0.36640625,0.0671875
train/labels\car-wbs-MH46X9996_00000_jpg.rf.276bc017a5781c0a25cc7cd579c78b4e.txt,0.49609375,0.8609375,0.3546875,0.09296875
train/labels\car-wbs-RJ02CC0784_00000_jpg.rf.9d176baf41752d54c887568867b55796.txt,0.446875,0.84765625,0.36640625,0.06875
train/labels\car-wbs-TN07BU5427_00000_jpeg.rf.73c205d5bcc59153545d78f269400804.txt,0.42265625,0.70859375,0.71328125,0.1265625
train/labels\car-wbs-TN07BU5427_00001_jpeg.rf.3e1d6acb84aef614ba5ac5c90fb7da38.txt,0.30234375,0.61015625,0.30625,0.0671875
train/labels\car-wbs-TN09CH7770_00000_jpeg.rf.8806b29479c486f973b0c337bd290db2.txt,0.6765625,0.2140625,0.440625,0.2109375
train/labels\car-wbs-TN19S4523_00000_png.rf.757b0b5c8ba3f76dded0ec7575f79fff.txt,0.684375,0.8359375,0.2328125,0.05859375
train/labels\car-wbs-TN21AT0479_00000_jpg.rf.44d1c9f2640cc8cac073b8594edf70ce.txt,0.7640625,0.7890625,0.221875,0.0609375
train/labels\car-wbs-TN21AT0480_00001_jpg.rf.ae3487ad795039b362988dd79bfd5e59.txt,0.29296875,0.68671875,0.23671875,0.0953125
train/labels\car-wbs-TN21AT0492_00000_jpg.rf.218407b2271424bbbd53531b3900eb3e.txt,0.78359375,0.83984375,0.2640625,0.20546875
train/labels\car-wbs-TN21BZ0768_00000_png.rf.dd88ea77406936548eae472d4ad6d82a.txt,0.63046875,0.6953125,0.3015625,0.08046875
train/labels\car-wbs-TN28BA9999_00000_jpeg.rf.3e69381222170e97a24608b5892dcb0c.txt,0.46953125,0.6140625,0.31328125,0.05859375
train/labels\car-wbs-TN37CR4019_00000_jpeg.rf.017d2e5669c239ea7cea5eea13ab0b7c.txt,0.48671875,0.5765625,0.47890625,0.16875
train/labels\car-wbs-TN38BW1139_00000_jpeg.rf.21b3496ffc4827ef23c1c2d12c341084.txt,0.48984375,0.57265625,0.75234375,0.22734375
train/labels\car-wbs-TN38BY4191_00000_jpeg.rf.a3955543a7fc680d5c5585ac71a6d3be.txt,0.5421875,0.61015625,0.43984375,0.08125
train/labels\car-wbs-TN42R2697_00000_jpg.rf.86d6282198615d1263a6a8d5cc3dac56.txt,0.5046875,0.4125,0.98671875,0.3375
train/labels\car-wbs-TN45BA1065_00000_jpeg.rf.a560c53deb44751622e20e937b6db00e.txt,0.471875,0.42890625,0.3296875,0.10703125
train/labels\car-wbs-TN58AM1_00000_jpeg.rf.c7c9b66cd7ef78257555d1e7f18d04fb.txt,0.50390625,0.60625,0.3765625,0.07421875
train/labels\car-wbs-TN59BE0939_00000_jpg.rf.07452116b21fe79d845a76bd52630ffb.txt,0.50859375,0.878125,0.221875,0.04453125
train/labels\car-wbs-TN74AL5074_00000_jpeg.rf.a490d73166b56464b8f6ec1297dae1d2.txt,0.55234375,0.54375,0.3921875,0.2484375
train/labels\car-wbs-TN99F2378_00000_jpeg.rf.d9c43421ccab771f5a8b457998109648.txt,0.64609375,0.24296875,0.6359375,0.21796875
train/labels\car-wbs-TN99F2378_00000_png.rf.4e687cb5f8e89f390a685c0f68f5a5a5.txt,0.4953125,0.19453125,0.4875,0.17421875
train/labels\car-wbs-TS08ER1643_00000_png.rf.c040f0e8003a836e144abe39eb61fec1.txt,0.484375,0.30078125,0.96875,0.41953125
train/labels\car-wbs-UP16CT2233_00000_jpg.rf.5cba9f52073200cbfc6609a7915ecf71.txt,0.48359375,0.9140625,0.30234375,0.05
train/labels\car-wbs-UP32FH2653_00000_jpg.rf.9ea9b9f678ea11bbfc2ed2cf4bb32333.txt,0.696875,0.7625,0.24296875,0.12265625
train/labels\car-wbs-UP50AS4535_00000_jpg.rf.f14ee0fa9784dc8d502a0e104e759a27.txt,0.525,0.7609375,0.225,0.1015625
train/labels\cbd81ff4-fc2a-4cd5-bed6-0fef4c456caa___226616d1495986750-zoomcar-review-mahindra-scorpio-s4-09-pamban-jpg_jpeg.rf.d6714ff1761cfb29b32dda9ed694db40.txt,0.3890625,0.58203125,0.115625,0.071875
train/labels\cc80e5c6-2cb7-40f7-a072-3f4cb5a56c65___Dileep_Car_Innova_1-jpg_jpeg.rf.8a5c3054cfb91cf187ec3f4639451892.txt,0.54921875,0.53046875,0.39296875,0.109375
train/labels\cd506968-8676-4df3-9150-d1c2e618f4c2___3e7fd381-0ae5-4421-8a70-279ee0ec1c61_nissan-note-india-testing_827x510_81508219864_jpg.rf.714b97fc3aae1ed00904d13f61e0d2ec.txt,0.55703125,0.58359375,0.28203125,0.115625
train/labels\cf011553-f802-4b11-99ec-6e03d731b646___new_2014-VW-Polo-facelift-spied-India-rear-jpg_jpeg.rf.d8d0659cf903798ee2df49b236ec2c11.txt,0.5703125,0.753125,0.35625,0.0828125
train/labels\d1115e64-987f-4a72-b9bb-853f67ca37b6___new_2014-Volkswagen-Polo-Review-jpg_jpeg.rf.142aaa5c16ba74825690b1e032b9cc63.txt,0.4859375,0.7828125,0.33984375,0.10703125
train/labels\d3d2cbaa-f24a-4cb7-a236-53fa514816b4___new_2017-Skoda-Rapid-Diesel-DSG-Review-6-jpg_jpeg.rf.69b57266c51cf8402760c22c0d45f887.txt,0.6203125,0.38828125,0.26796875,0.10390625
train/labels\d4bec046-caac-4e59-bd05-44de2232d83b___2017-Skoda-Octavia-Front-jpg_jpeg.rf.fb78407bfff26b2ff078e390d032b28d.txt,0.69765625,0.6078125,0.325,0.15859375
train/labels\d88b7b9c-a4f4-4af6-af3d-b3017e114e0d___146292-maruti-suzuki-wagon-r-stingray-vxi-ownership-review-dsc_01691-jpg_jpeg.rf.50ce53e5dcd1a3d765d734b2bccb5b6c.txt,0.4859375,0.6578125,0.41171875,0.1578125
train/labels\d9023f53-f90d-4b98-bd52-30796777ddcf___Maruti-Suzuki-Baleno-hatchback-56545-jpg_jpeg.rf.1411154583b65ce82f77ba873305e30c.txt,0.6796875,0.62890625,0.21328125,0.09765625
train/labels\dd58e02d-51a5-4bfd-87af-ff51c576086e___2014-mahindra-scorpio-suv-10-jpg_jpeg.rf.51a1736c68885300e2f5ca47735dca73.txt,0.61796875,0.6265625,0.1625,0.11484375
train/labels\df2f7a76-d701-468f-b54a-c5d63d13b349___CM-Akhilesh-Number-Plate-jpg_jpeg.rf.82214341a3ff03488a244dc7abcb2fe0.txt,0.4265625,0.4046875,0.253125,0.13203125
train/labels\dfafd4ef-5592-41d9-9cbb-fa6a4e03831e___IMG_9082-jpg_jpeg.rf.6f6fa4a379a613b40e92e7b9dfb938da.txt,0.66328125,0.39765625,0.6671875,0.28125
train/labels\dfedf2ad-6596-48d4-a7f6-171e55c8f637___1160575d1383218860-high-security-registration-plates-hsrp-india-wp_20131030_16_01_22_pro-jpg_jpeg.rf.15936aa12f74eb3b8ed962b60cce15e4.txt,0.49453125,0.52109375,0.1546875,0.22109375
train/labels\e1d7921f-5e58-46c7-b4f9-9fd4585508f1___IMG_9072-jpg_jpeg.rf.c96a92cd96008d17381e3f317215e994.txt,0.8453125,0.54609375,0.30625,0.1515625
train/labels\e354039f-d73c-4f12-9df5-f0129345fa79___scorpio-JPG_jpeg.rf.a5e4ed9510cff7c8271954c23c82d224.txt,0.50234375,0.68359375,0.25,0.0796875
train/labels\e4907f73-1fbc-412c-a766-9c81bb31449c___2016-Chevrolet-TrailBlazer-India-Test-Drive-Review-e1442832290349-jpg_jpeg.rf.fff27a35ebc182ac84c7cc6ed7f53715.txt,0.25078125,0.7234375,0.240625,0.08046875
train/labels\e53076d3-c3b7-47b8-8c63-30a08b8ad983___40213__Maruti_Suzuki_Swift-016-JPG_jpeg.rf.44e74ad42958ac6f65ec44b4f1123993.txt,0.4890625,0.79921875,0.3421875,0.11484375
train/labels\e54fb93b-020f-4c55-b4db-86e17ba9b9e0___2014-VW-Polo-facelift-rear-spotted-testing-in-Pune-India-jpg_jpeg.rf.abd27a2125d3aec5e620b53b6e9e5588.txt,0.48125,0.58125,0.17578125,0.04921875
train/labels\e719f39b-e8dd-4fe0-9a41-71123932a486___226676869_4_1000x700_maruti-suzuki-wagon-r-duo-petrol-120000-kms-2007-year-cars_rev001-jpg_jpeg.rf.165eeb634648ea85a4f5368d65cc9769.txt,0.49375,0.5390625,0.3453125,0.08828125
train/labels\e750b959-1b5a-41bf-bf64-d8099089e909___3e7fd381-0ae5-4421-8a70-279ee0ec1c61_Nissan-Terrano-Duster-launch-dare-pics-price-interiors-images-1_jpg.rf.f2d335d8c021809314d2de4a5d233701.txt,0.42109375,0.50859375,0.25625,0.10234375
train/labels\e77e5db3-2bc6-4223-a258-2334256be65e___new_205356-maruti-swift-torque-blue-vdi-ddis-glistening-rockstar-enters-home-img_7531-jpg_jpeg.rf.8cd235f38b6ad59c9e8674ae50019466.txt,0.54296875,0.56875,0.5796875,0.22734375
train/labels\e82fc408-a209-4221-9f6d-742b4b9d4c70___3e7fd381-0ae5-4421-8a70-279ee0ec1c61_848803268_2_1080x720_nissan-terrano-xl-d-plus-2014-diesel-upload-photos_jpg.rf.9b746d59e5b6b45d6ebbc13fe24f36b2.txt,0.69375,0.45625,0.24609375,0.0734375
train/labels\ed6ee171-691a-4563-a79d-4f47d8ce9f85___Maruti-Suzuki-SCross-Exterior-80675-jpg_jpeg.rf.0ae522176cc1b27ed8eaab20f50f8f03.txt,0.43515625,0.8890625,0.46015625,0.18125
train/labels\f16274c4-0d3d-4c85-9dcc-5ac71734b281___speedex-number-plates-nandanam-chennai-car-number-plate-dealers-1ofla74-jpg_jpeg.rf.b9f25b702d621132f1932ede9d064893.txt,0.54453125,0.56171875,0.57265625,0.22734375
train/labels\f20708c6-14cd-46ff-b8f1-6faef5fd8d2d___3e7fd381-0ae5-4421-8a70-279ee0ec1c61_Nissan-Terrano-20346_jpg.rf.3ba19cd547dd5652ffa09f59ef13c2ab.txt,0.46953125,0.6546875,0.43203125,0.16484375
train/labels\f265077a-611f-4a18-abe5-46518b1756e6___1232700-take-look-number-plate-uploadfromtaptalk1398055489406-jpg_jpeg.rf.559d665efb6b277e8e90aa630973e35a.txt,0.41484375,0.5234375,0.134375,0.07421875
train/labels\f59d42f8-dc55-4b60-bb91-c2db3644f2ff___841309873_1_1080x720_mahindra-scorpio-vlx-airbags-bs-iii-2012-diesel-jpg_jpeg.rf.b86692eb2afc02e7ea918d75b11adb9e.txt,0.50859375,0.5796875,0.21328125,0.065625
train/labels\f5bbb8da-dddd-47ae-a46c-15492f9cf752___3e7fd381-0ae5-4421-8a70-279ee0ec1c61_10187746544_0c0822790e-Copy_jpg.rf.160b397b02337ccf0d4537a5921b4582.txt,0.546875,0.5703125,0.2171875,0.0359375
train/labels\f5bbb8da-dddd-47ae-a46c-15492f9cf752___3e7fd381-0ae5-4421-8a70-279ee0ec1c61_10187746544_0c0822790e_jpg.rf.5ff3e80c8c4b5bbfc9380bba201b5a10.txt,0.4625,0.6390625,0.0828125,0.0453125
train/labels\f685e6cf-3a12-42ac-94d7-28cdf129b266___maxresdefault1-jpg_jpeg.rf.0fe907f7d956aa7f06e1fa9aabf16660.txt,0.43125,0.4703125,0.79375,0.8734375
train/labels\f7ba7a93-e8d7-4253-b327-d87e3f2bb747___3e7fd381-0ae5-4421-8a70-279ee0ec1c61_2013-Nissan-Terrano-Rear_jpg.rf.994883660c22f955b406849c09a1ac76.txt,0.696875,0.49140625,0.15234375,0.08359375
train/labels\f8a992cc-a1cc-4d68-88c1-bec1a46fc148___Honda-City-Number-Plates-Design-jpg_jpeg.rf.edbde1b1a4353b4a10a5e85cac31b058.txt,0.50625,0.740625,0.36640625,0.10390625
train/labels\f9e27b82-9e65-44ba-bf9a-b3ced8901937___Skoda-Superb-Exterior-deadfront-69204-jpg_jpeg.rf.88bc9cbfbdc248d0a75d155623d8e048.txt,0.490625,0.6140625,0.31171875,0.10078125
train/labels\fac9f4e6-c4b9-4872-86da-79d58ea2adc5___5273-jpg_jpeg.rf.487ee557877599d4756ac7b192bc4414.txt,0.565625,0.48515625,0.2421875,0.06328125
train/labels\fbb2b3ed-4db1-4d4c-8d4d-4b80b02bfd2a___3e7fd381-0ae5-4421-8a70-279ee0ec1c61_01640f5edbbfb564a9ab6486b31d1554_large_jpg.rf.c774960f7512d78a3fb1adf75cbcc01a.txt,0.56484375,0.290625,0.23125,0.03359375
train/labels\fbc107b7-13d8-4a2d-b8be-7c96bd7d609c___new_9214a754343030395508e104d7948167_large-jpg_jpeg.rf.3a343cfdbedd811fc688c5c4e6968c75.txt,0.4484375,0.81328125,0.403125,0.0890625
train/labels\fc1f58f0-2f54-4545-8915-2936d08dcce1___new_Skoda_Laura_DSG_Long_Term_Review-125-jpg_jpeg.rf.b05717f17197fe59b118b044eb691de7.txt,0.52890625,0.69296875,0.34609375,0.10625
train/labels\fd0140cc-e887-43b8-a439-24877ea77670___Maruti-Suzuki-Baleno-Number-Plates-Design-jpg_jpeg.rf.cfcb52e4a9c2b1f3138f9b3a2434770b.txt,0.51796875,0.58046875,0.43984375,0.21171875
train/labels\fda5760a-c6ff-43a9-8ce7-61e808f109ea___3e7fd381-0ae5-4421-8a70-279ee0ec1c61_nissan_terrano_ii_nissan_terrano_ii_2_7_tdi_se_4x4_3330085523722771900_jpg.rf.dd84a0cfd33ca06352ad7cb419a424fa.txt,0.84453125,0.7046875,0.13203125,0.1375
train/labels\fe3c95e4-7bd4-40f5-98a9-9fc635957d9c___3e7fd381-0ae5-4421-8a70-279ee0ec1c61_Baleno-Number-Plates-Design_jpg.rf.c3fe23b01218700c827920867bfc19dc.txt,0.5109375,0.50234375,0.3734375,0.10859375
